Year_Range,Province,Division,District,Fertilizer_Usage_K_Tons,Area_Sown_Wheat,Area_Sown_Rice,Area_Sown_Cotton,Area_Sown_Sugarcane,Production_Wheat_Tons,Production_Rice_Tons,Production_Cotton_Tons,Production_Sugarcane_Tons,Yield_Wheat_Acre,Yield_Rice_Acre,Yield_Cotton_Acre,Yield_Sugarcane_Acre,Year
2002-03,Punjab,Bahawalpur Divn.                      ,Bahawalpur,114,269,5.0,268.0,9.0,724,7,968.0,501,2.691449814,1.4,3.611940299,55.66666667,2002
2002-03,Punjab,Bahawalpur Divn.                      ,Bahawalnagar,93,282,41.0,178.0,27.0,695,65,544.0,1155,2.464539007,1.585365854,3.056179775,42.77777778,2002
2002-03,Punjab,Bahawalpur Divn.                      ,Rahim Yar Khan,168,303,13.0,307.0,43.0,740,19,1076.0,2620,2.442244224,1.461538462,3.504885993,60.93023256,2002
2002-03,Punjab,D.G.Khan Divn.     ,DG Khan,48,156,27.0,93.0,3.0,407,53,411.0,142,2.608974359,1.962962963,4.419354839,47.33333333,2002
2002-03,Punjab,D.G.Khan Divn.     ,Layyah,48,178,1.0,29.0,16.0,379,1,63.0,674,2.129213483,1.0,2.172413793,42.125,2002
2002-03,Punjab,D.G.Khan Divn.     ,Muzaffargarh,87,278,20.0,189.0,25.0,657,32,599.0,1394,2.363309353,1.6,3.169312169,55.76,2002
2002-03,Punjab,D.G.Khan Divn.     ,Rajanpur,54,135,5.0,148.0,5.0,336,7,651.0,258,2.488888889,1.4,4.398648649,51.6,2002
2002-03,Punjab,Faisalabad Divn.            ,Faisalabad,91,254,22.0,32.0,117.0,716,33,67.0,5412,2.818897638,1.5,2.09375,46.25641026,2002
2002-03,Punjab,Faisalabad Divn.            ,Jhang,99,354,79.0,45.0,92.0,916,118,113.0,4178,2.587570621,1.493670886,2.511111111,45.41304348,2002
2002-03,Punjab,Faisalabad Divn.            ,TT Singh,49,147,22.0,37.0,46.0,423,43,95.0,2147,2.87755102,1.954545455,2.567567568,46.67391304,2002
2002-03,Punjab,Gujranwala Divn.     ,Gujranwala,69,217,231.0,2.0,3.0,604,436,0.0,98,2.783410138,1.887445887,0.0,32.66666667,2002
2002-03,Punjab,Gujranwala Divn.     ,Gujrat,22,131,34.0,0.0,4.0,224,53,0.0,135,1.709923664,1.558823529,0.0,33.75,2002
2002-03,Punjab,Gujranwala Divn.     ,Hafizabad,41,134,113.0,0.0,8.0,367,203,0.0,428,2.73880597,1.796460177,0.0,53.5,2002
2002-03,Punjab,Gujranwala Divn.     ,Mandi BahaudDin,35,116,73.0,0.0,34.0,323,133,2.0,1453,2.784482759,1.821917808,0.0,42.73529412,2002
2002-03,Punjab,Gujranwala Divn.     ,Narowal,27,124,74.0,0.0,5.0,245,95,0.0,132,1.975806452,1.283783784,0.0,26.4,2002
2002-03,Punjab,Gujranwala Divn.     ,Sialkot,32,186,151.0,0.0,2.0,440,241,0.0,70,2.365591398,1.59602649,0.0,35.0,2002
2002-03,Punjab,Lahore Divn.                                        ,Lahore,51,55,34.0,0.0,1.0,148,59,0.0,39,2.690909091,1.735294118,0.0,39.0,2002
2002-03,Punjab,Lahore Divn.                                        ,Kasur,78,164,51.0,8.0,63.0,425,86,9.0,2696,2.591463415,1.68627451,1.125,42.79365079,2002
2002-03,Punjab,Lahore Divn.                                        ,Okara,93,218,104.0,9.0,32.0,746,199,18.0,1528,3.422018349,1.913461538,2.0,47.75,2002
2002-03,Punjab,Lahore Divn.                                        ,Sheikhupura,78,297,247.0,0.0,23.0,767,417,0.0,909,2.582491582,1.688259109,0.0,39.52173913,2002
2002-03,Punjab,Multan Divn.                                      ,Multan,117,191,8.0,167.0,3.0,486,12,600.0,186,2.544502618,1.5,3.592814371,62.0,2002
2002-03,Punjab,Multan Divn.                                      ,Khanewal,92,215,18.0,176.0,10.0,587,28,627.0,491,2.730232558,1.555555556,3.5625,49.1,2002
2002-03,Punjab,Multan Divn.                                      ,Pakpattan,68,157,46.0,30.0,14.0,529,96,59.0,589,3.369426752,2.086956522,1.966666667,42.07142857,2002
2002-03,Punjab,Multan Divn.                                      ,Sahiwal,75,151,23.0,77.0,14.0,469,35,174.0,476,3.105960265,1.52173913,2.25974026,34.0,2002
2002-03,Punjab,Multan Divn.                                      ,Vehari,102,258,18.0,208.0,19.0,700,31,767.0,1106,2.713178295,1.722222222,3.6875,58.21052632,2002
2002-03,Punjab,Rawalpindi Divn.                               ,Rawalpindi,7,109,0.0,0.0,0.0,174,0,0.0,0,1.596330275,0.0,0.0,0.0,2002
2002-03,Punjab,Rawalpindi Divn.                               ,Attock,8,128,0.0,0.0,0.2,195,0,0.0,8,1.5234375,0.0,0.0,40.0,2002
2002-03,Punjab,Rawalpindi Divn.                               ,Chakwal,4,115,0.0,0.0,0.0,129,0,0.0,0,1.12173913,0.0,0.0,0.0,2002
2002-03,Punjab,Rawalpindi Divn.                               ,Jhelum,1,44,1.0,0.0,0.2,53,2,0.5,9,1.204545455,2.0,0.0,45.0,2002
2002-03,Punjab,Sargodha Divn.                                     ,Sargodha,60,190,32.0,7.0,81.0,507,44,7.0,3045,2.668421053,1.375,1.0,37.59259259,2002
2002-03,Punjab,Sargodha Divn.                                     ,Bhakkar,21,131,0.0,3.0,22.0,319,0,6.0,819,2.435114504,0.0,2.0,37.22727273,2002
2002-03,Punjab,Sargodha Divn.                                     ,Khushab,8,71,16.0,0.0,9.0,121,28,0.5,296,1.704225352,1.75,0.0,32.88888889,2002
2002-03,Punjab,Sargodha Divn.                                     ,Mianwali,14,143,1.0,3.0,4.0,279,2,7.0,123,1.951048951,2.0,0.0,30.75,2002
2003-04,Punjab,Bahawalpur Divn.                      ,Bahawalpur,114,268,6.0,279.0,10.0,633,8,995.0,628,2.361940299,1.333333333,3.566308244,62.8,2003
2003-04,Punjab,Bahawalpur Divn.                      ,Bahawalnagar,110,294,54.0,199.0,25.0,754,86,629.0,1159,2.56462585,1.592592593,3.16080402,46.36,2003
2003-04,Punjab,Bahawalpur Divn.                      ,Rahim Yar Khan,170,311,13.0,309.0,49.0,827,18,820.0,3161,2.659163987,1.384615385,2.653721683,64.51020408,2003
2003-04,Punjab,D.G.Khan Divn.     ,DG Khan,53,166,28.0,100.0,3.0,385,66,376.0,144,2.319277108,2.357142857,3.76,48.0,2003
2003-04,Punjab,D.G.Khan Divn.     ,Layyah,59,182,1.0,37.0,15.0,423,2,75.0,716,2.324175824,2.0,2.027027027,47.73333333,2003
2003-04,Punjab,D.G.Khan Divn.     ,Muzaffargarh,90,287,20.0,206.0,28.0,681,33,626.0,1464,2.3728223,1.65,3.038834951,52.28571429,2003
2003-04,Punjab,D.G.Khan Divn.     ,Rajanpur,63,141,8.0,168.0,8.0,333,12,675.0,440,2.361702128,1.5,4.017857143,55.0,2003
2003-04,Punjab,Faisalabad Divn.            ,Faisalabad,100,265,25.0,36.0,116.0,789,33,73.0,5752,2.977358491,1.32,2.027777778,49.5862069,2003
2003-04,Punjab,Faisalabad Divn.            ,Jhang,97,367,98.0,49.0,91.0,977,151,103.0,4281,2.662125341,1.540816327,2.102040816,47.04395604,2003
2003-04,Punjab,Faisalabad Divn.            ,TT Singh,63,151,27.0,39.0,44.0,429,39,91.0,2193,2.841059603,1.444444444,2.333333333,49.84090909,2003
2003-04,Punjab,Gujranwala Divn.     ,Gujranwala,72,223,238.0,0.0,3.0,647,452,0.0,107,2.901345291,1.899159664,0.0,35.66666667,2003
2003-04,Punjab,Gujranwala Divn.     ,Gujrat,20,135,38.0,0.0,4.0,243,61,0.0,138,1.8,1.605263158,0.0,34.5,2003
2003-04,Punjab,Gujranwala Divn.     ,Hafizabad,51,138,114.0,0.0,7.0,358,196,0.0,322,2.594202899,1.719298246,0.0,46.0,2003
2003-04,Punjab,Gujranwala Divn.     ,Mandi BahaudDin,41,121,80.0,2.0,33.0,302,143,3.0,1417,2.495867769,1.7875,1.5,42.93939394,2003
2003-04,Punjab,Gujranwala Divn.     ,Narowal,45,131,85.0,0.0,4.0,300,131,0.0,121,2.290076336,1.541176471,0.0,30.25,2003
2003-04,Punjab,Gujranwala Divn.     ,Sialkot,36,194,170.0,0.0,2.0,465,303,0.0,73,2.396907216,1.782352941,0.0,36.5,2003
2003-04,Punjab,Lahore Divn.                                        ,Lahore,57,54,38.0,0.0,1.0,143,60,0.0,28,2.648148148,1.578947368,0.0,28.0,2003
2003-04,Punjab,Lahore Divn.                                        ,Kasur,88,168,62.0,9.0,53.0,417,104,13.0,2347,2.482142857,1.677419355,1.444444444,44.28301887,2003
2003-04,Punjab,Lahore Divn.                                        ,Okara,94,220,126.0,8.0,27.0,743,218,15.0,1333,3.377272727,1.73015873,1.875,49.37037037,2003
2003-04,Punjab,Lahore Divn.                                        ,Sheikhupura,101,299,259.0,0.2,22.0,817,429,0.5,926,2.732441472,1.656370656,2.5,42.09090909,2003
2003-04,Punjab,Multan Divn.                                      ,Multan,114,194,11.0,189.0,3.0,475,15,623.0,181,2.448453608,1.363636364,3.296296296,60.33333333,2003
2003-04,Punjab,Multan Divn.                                      ,Khanewal,104,216,21.0,192.0,10.0,586,33,662.0,491,2.712962963,1.571428571,3.447916667,49.1,2003
2003-04,Punjab,Multan Divn.                                      ,Pakpattan,71,155,58.0,34.0,12.0,511,116,63.0,564,3.296774194,2.0,1.852941176,47.0,2003
2003-04,Punjab,Multan Divn.                                      ,Sahiwal,76,153,28.0,84.0,14.0,441,45,167.0,605,2.882352941,1.607142857,1.988095238,43.21428571,2003
2003-04,Punjab,Multan Divn.                                      ,Vehari,129,255,23.0,231.0,19.0,659,37,843.0,1168,2.584313725,1.608695652,3.649350649,61.47368421,2003
2003-04,Punjab,Rawalpindi Divn.                               ,Rawalpindi,10,111,0.0,0.0,0.0,175,0,0.0,0,1.576576577,0.0,0.0,0.0,2003
2003-04,Punjab,Rawalpindi Divn.                               ,Attock,8,140,0.0,0.0,0.2,186,0,0.0,8,1.328571429,0.0,0.0,40.0,2003
2003-04,Punjab,Rawalpindi Divn.                               ,Chakwal,4,127,0.0,0.0,0.0,145,0,0.0,0,1.141732283,0.0,0.0,0.0,2003
2003-04,Punjab,Rawalpindi Divn.                               ,Jhelum,3,47,1.0,0.2,0.2,74,2,0.5,9,1.574468085,2.0,2.5,45.0,2003
2003-04,Punjab,Sargodha Divn.                                     ,Sargodha,58,198,37.0,7.0,75.0,491,47,7.0,3020,2.47979798,1.27027027,1.0,40.26666667,2003
2003-04,Punjab,Sargodha Divn.                                     ,Bhakkar,23,134,0.0,2.0,17.0,309,0,5.0,719,2.305970149,0.0,2.5,42.29411765,2003
2003-04,Punjab,Sargodha Divn.                                     ,Khushab,10,72,15.0,0.2,9.0,126,27,0.5,291,1.75,1.8,2.5,32.33333333,2003
2003-04,Punjab,Sargodha Divn.                                     ,Mianwali,15,146,2.0,3.0,4.0,296,2,7.0,163,2.02739726,1.0,2.333333333,40.75,2003
2004-05,Punjab,Bahawalpur Divn.                      ,Bahawalpur,153,272,4.0,282.0,9.0,738,6,1365.0,465,2.713235294,1.5,4.840425532,51.66666667,2004
2004-05,Punjab,Bahawalpur Divn.                      ,Bahawalnagar,121,296,58.0,212.0,21.0,803,92,968.0,931,2.712837838,1.586206897,4.566037736,44.33333333,2004
2004-05,Punjab,Bahawalpur Divn.                      ,Rahim Yar Khan,235,313,13.0,308.0,54.0,860,20,1613.0,3401,2.747603834,1.538461538,5.237012987,62.98148148,2004
2004-05,Punjab,D.G.Khan Divn.     ,DG Khan,67,160,30.0,110.0,3.0,401,62,528.0,150,2.50625,2.066666667,4.8,50.0,2004
2004-05,Punjab,D.G.Khan Divn.     ,Layyah,49,180,2.0,43.0,13.0,510,2,130.0,753,2.833333333,1.0,3.023255814,57.92307692,2004
2004-05,Punjab,D.G.Khan Divn.     ,Muzaffargarh,103,296,17.0,212.0,29.0,774,28,868.0,1330,2.614864865,1.647058824,4.094339623,45.86206897,2004
2004-05,Punjab,D.G.Khan Divn.     ,Rajanpur,70,144,6.0,163.0,7.0,379,11,829.0,421,2.631944444,1.833333333,5.085889571,60.14285714,2004
2004-05,Punjab,Faisalabad Divn.            ,Faisalabad,104,277,28.0,50.0,106.0,902,38,137.0,6024,3.25631769,1.357142857,2.74,56.83018868,2004
2004-05,Punjab,Faisalabad Divn.            ,Jhang,120,379,108.0,66.0,81.0,1088,176,168.0,4006,2.870712401,1.62962963,2.545454545,49.45679012,2004
2004-05,Punjab,Faisalabad Divn.            ,TT Singh,60,155,29.0,58.0,36.0,463,46,160.0,1984,2.987096774,1.586206897,2.75862069,55.11111111,2004
2004-05,Punjab,Gujranwala Divn.     ,Gujranwala,83,226,244.0,0.0,2.0,712,465,0.0,80,3.150442478,1.905737705,0.0,40.0,2004
2004-05,Punjab,Gujranwala Divn.     ,Gujrat,26,139,42.0,0.0,3.0,276,64,0.0,151,1.985611511,1.523809524,0.0,50.33333333,2004
2004-05,Punjab,Gujranwala Divn.     ,Hafizabad,47,134,83.0,0.0,6.0,373,217,0.0,282,2.78358209,2.614457831,0.0,47.0,2004
2004-05,Punjab,Gujranwala Divn.     ,Mandi BahaudDin,48,122,119.0,2.0,32.0,327,143,3.0,1436,2.680327869,1.201680672,1.5,44.875,2004
2004-05,Punjab,Gujranwala Divn.     ,Narowal,47,137,80.0,0.0,3.0,340,111,0.0,90,2.481751825,1.3875,0.0,30.0,2004
2004-05,Punjab,Gujranwala Divn.     ,Sialkot,40,195,178.0,0.0,2.0,505,294,0.0,74,2.58974359,1.651685393,0.0,37.0,2004
2004-05,Punjab,Lahore Divn.                                        ,Lahore,40,55,38.0,0.0,1.0,161,62,0.0,38,2.927272727,1.631578947,0.0,38.0,2004
2004-05,Punjab,Lahore Divn.                                        ,Kasur,87,174,68.0,12.0,47.0,510,117,20.0,2230,2.931034483,1.720588235,1.666666667,47.44680851,2004
2004-05,Punjab,Lahore Divn.                                        ,Okara,135,220,132.0,12.0,23.0,748,245,26.0,1150,3.4,1.856060606,2.166666667,50.0,2004
2004-05,Punjab,Lahore Divn.                                        ,Sheikhupura,109,308,274.0,0.2,21.0,893,455,0.5,875,2.899350649,1.660583942,2.5,41.66666667,2004
2004-05,Punjab,Multan Divn.                                      ,Multan,152,195,10.0,194.0,3.0,535,15,859.0,101,2.743589744,1.5,4.427835052,33.66666667,2004
2004-05,Punjab,Multan Divn.                                      ,Khanewal,112,219,21.0,195.0,9.0,676,35,900.0,540,3.086757991,1.666666667,4.615384615,60.0,2004
2004-05,Punjab,Multan Divn.                                      ,Pakpattan,80,154,57.0,45.0,9.0,514,98,120.0,434,3.337662338,1.719298246,2.666666667,48.22222222,2004
2004-05,Punjab,Multan Divn.                                      ,Sahiwal,95,156,29.0,91.0,12.0,457,41,241.0,491,2.929487179,1.413793103,2.648351648,40.91666667,2004
2004-05,Punjab,Multan Divn.                                      ,Vehari,143,251,22.0,240.0,17.0,708,38,1107.0,1055,2.820717131,1.727272727,4.6125,62.05882353,2004
2004-05,Punjab,Rawalpindi Divn.                               ,Rawalpindi,14,117,0.0,0.0,0.0,225,0,0.0,0,1.923076923,0.0,0.0,0.0,2004
2004-05,Punjab,Rawalpindi Divn.                               ,Attock,8,147,0.0,0.0,0.2,275,0,0.0,8,1.870748299,0.0,0.0,40.0,2004
2004-05,Punjab,Rawalpindi Divn.                               ,Chakwal,3,130,0.0,0.2,0.0,211,0,0.5,0,1.623076923,0.0,2.5,0.0,2004
2004-05,Punjab,Rawalpindi Divn.                               ,Jhelum,2,49,2.0,0.2,0.2,100,3,0.5,9,2.040816327,1.5,2.5,45.0,2004
2004-05,Punjab,Sargodha Divn.                                     ,Sargodha,78,208,40.0,8.0,69.0,569,63,12.0,3351,2.735576923,1.575,1.5,48.56521739,2004
2004-05,Punjab,Sargodha Divn.                                     ,Bhakkar,25,145,0.2,3.0,14.0,356,1,6.0,667,2.455172414,5.0,2.0,47.64285714,2004
2004-05,Punjab,Sargodha Divn.                                     ,Khushab,9,87,17.0,0.2,9.0,171,27,0.5,306,1.965517241,1.588235294,2.5,34.0,2004
2004-05,Punjab,Sargodha Divn.                                     ,Mianwali,16,149,2.0,4.0,3.0,331,3,11.0,156,2.22147651,1.5,2.75,52.0,2004
2005-06,Punjab,Bahawalpur Divn.                      ,Bahawalpur,150,290,5.0,287.0,8.0,749,7,1160.0,411,2.582758621,1.4,4.041811847,51.375,2005
2005-06,Punjab,Bahawalpur Divn.                      ,Bahawalnagar,119,323,60.0,220.0,18.0,760,105,869.0,705,2.352941176,1.75,3.95,39.16666667,2005
2005-06,Punjab,Bahawalpur Divn.                      ,Rahim Yar Khan,220,307,13.0,304.0,56.0,822,20,1374.0,3108,2.67752443,1.538461538,4.519736842,55.5,2005
2005-06,Punjab,D.G.Khan Divn.     ,DG Khan,64,161,30.0,111.0,2.0,420,68,515.0,130,2.608695652,2.266666667,4.63963964,65.0,2005
2005-06,Punjab,D.G.Khan Divn.     ,Layyah,62,181,2.0,33.0,12.0,481,3,102.0,411,2.657458564,1.5,3.090909091,34.25,2005
2005-06,Punjab,D.G.Khan Divn.     ,Muzaffargarh,103,305,18.0,206.0,29.0,769,36,846.0,1312,2.521311475,2.0,4.106796117,45.24137931,2005
2005-06,Punjab,D.G.Khan Divn.     ,Rajanpur,73,134,6.0,134.0,6.0,332,12,646.0,319,2.47761194,2.0,4.820895522,53.16666667,2005
2005-06,Punjab,Faisalabad Divn.            ,Faisalabad,127,274,27.0,40.0,108.0,794,41,121.0,5452,2.897810219,1.518518519,3.025,50.48148148,2005
2005-06,Punjab,Faisalabad Divn.            ,Jhang,140,386,108.0,52.0,83.0,1107,178,127.0,3837,2.867875648,1.648148148,2.442307692,46.22891566,2005
2005-06,Punjab,Faisalabad Divn.            ,TT Singh,61,159,29.0,43.0,36.0,461,50,125.0,1980,2.899371069,1.724137931,2.906976744,55.0,2005
2005-06,Punjab,Gujranwala Divn.     ,Gujranwala,89,227,248.0,0.0,2.0,678,490,0.0,70,2.986784141,1.975806452,0.0,35.0,2005
2005-06,Punjab,Gujranwala Divn.     ,Gujrat,26,141,43.0,0.0,2.0,271,72,0.0,101,1.921985816,1.674418605,0.0,50.5,2005
2005-06,Punjab,Gujranwala Divn.     ,Hafizabad,57,139,84.0,0.0,6.0,387,227,0.0,286,2.784172662,2.702380952,0.0,47.66666667,2005
2005-06,Punjab,Gujranwala Divn.     ,Mandi BahaudDin,56,123,122.0,2.0,32.0,344,150,3.0,1326,2.796747967,1.229508197,1.5,41.4375,2005
2005-06,Punjab,Gujranwala Divn.     ,Narowal,55,138,80.0,0.0,3.0,308,122,0.0,82,2.231884058,1.525,0.0,27.33333333,2005
2005-06,Punjab,Gujranwala Divn.     ,Sialkot,39,193,176.0,0.0,2.0,530,299,0.0,74,2.74611399,1.698863636,0.0,37.0,2005
2005-06,Punjab,Lahore Divn.                                        ,Lahore,63,56,37.0,0.0,1.0,152,59,0.0,39,2.714285714,1.594594595,0.0,39.0,2005
2005-06,Punjab,Lahore Divn.                                        ,Kasur,94,179,63.0,11.0,45.0,505,134,20.0,2065,2.82122905,2.126984127,1.818181818,45.88888889,2005
2005-06,Punjab,Lahore Divn.                                        ,Okara,146,219,128.0,9.0,20.0,701,270,20.0,946,3.200913242,2.109375,2.222222222,47.3,2005
2005-06,Punjab,Lahore Divn.                                        ,Sheikhupura,100,177,178.0,0.2,3.0,515,308,0.0,87,2.90960452,1.730337079,0.0,29.0,2005
2005-06,Punjab,Multan Divn.                                      ,Multan,172,203,11.0,193.0,2.0,517,17,889.0,88,2.54679803,1.545454545,4.606217617,44.0,2005
2005-06,Punjab,Multan Divn.                                      ,Khanewal,126,218,22.0,197.0,9.0,619,36,931.0,404,2.839449541,1.636363636,4.725888325,44.88888889,2005
2005-06,Punjab,Multan Divn.                                      ,Pakpattan,78,151,59.0,31.0,7.0,485,121,99.0,343,3.21192053,2.050847458,3.193548387,49.0,2005
2005-06,Punjab,Multan Divn.                                      ,Sahiwal,87,153,29.0,83.0,11.0,420,47,241.0,438,2.745098039,1.620689655,2.903614458,39.81818182,2005
2005-06,Punjab,Multan Divn.                                      ,Vehari,144,253,22.0,243.0,14.0,673,35,1065.0,666,2.660079051,1.590909091,4.382716049,47.57142857,2005
2005-06,Punjab,Rawalpindi Divn.                               ,Rawalpindi,11,113,0.0,0.0,0.0,195,0,0.0,0,1.725663717,0.0,0.0,0.0,2005
2005-06,Punjab,Rawalpindi Divn.                               ,Attock,11,150,0.0,0.0,0.2,249,0,0.0,8,1.66,0.0,0.0,40.0,2005
2005-06,Punjab,Rawalpindi Divn.                               ,Chakwal,3,129,0.0,0.2,0.0,134,0,0.5,0,1.03875969,0.0,2.5,0.0,2005
2005-06,Punjab,Rawalpindi Divn.                               ,Jhelum,2,53,1.0,0.2,0.2,89,2,0.5,8,1.679245283,2.0,2.5,40.0,2005
2005-06,Punjab,Sargodha Divn.                                     ,Sargodha,65,209,41.0,8.0,65.0,529,64,12.0,2598,2.531100478,1.56097561,1.5,39.96923077,2005
2005-06,Punjab,Sargodha Divn.                                     ,Bhakkar,24,156,0.2,3.0,12.0,379,1,8.0,533,2.429487179,5.0,2.666666667,44.41666667,2005
2005-06,Punjab,Sargodha Divn.                                     ,Khushab,9,85,17.0,0.2,9.0,180,29,0.5,294,2.117647059,1.705882353,2.5,32.66666667,2005
2005-06,Punjab,Sargodha Divn.                                     ,Mianwali,14,165,2.0,7.0,3.0,339,3,16.0,125,2.054545455,1.5,2.285714286,41.66666667,2005
2007-08,Punjab,Bahawalpur Divn.                      ,Bahawalpur,124,277,4.0,290.0,12.0,714,6,1154.0,634,2.577617329,1.5,3.979310345,52.83333333,2007
2007-08,Punjab,Bahawalpur Divn.                      ,Bahawalnagar,107,326,62.0,225.0,22.0,835,107,856.0,998,2.561349693,1.725806452,3.804444444,45.36363636,2007
2007-08,Punjab,Bahawalpur Divn.                      ,Rahim Yar Khan,152,302,13.0,276.0,96.0,725,25,1118.0,6175,2.400662252,1.923076923,4.050724638,64.32291667,2007
2007-08,Punjab,D.G.Khan Divn.     ,DG Khan,74,174,29.0,107.0,5.0,441,63,464.0,242,2.534482759,2.172413793,4.336448598,48.4,2007
2007-08,Punjab,D.G.Khan Divn.     ,Layyah,58,196,3.0,36.0,17.0,427,6,118.0,828,2.178571429,2.0,3.277777778,48.70588235,2007
2007-08,Punjab,D.G.Khan Divn.     ,Muzaffargarh,94,290,19.0,199.0,45.0,688,39,742.0,2425,2.372413793,2.052631579,3.728643216,53.88888889,2007
2007-08,Punjab,D.G.Khan Divn.     ,Rajanpur,79,143,8.0,139.0,14.0,334,16,603.0,742,2.335664336,2.0,4.338129496,53.0,2007
2007-08,Punjab,Faisalabad Divn.            ,Faisalabad,115,266,27.0,38.0,125.0,697,43,106.0,5997,2.620300752,1.592592593,2.789473684,47.976,2007
2007-08,Punjab,Faisalabad Divn.            ,Jhang,59,372,89.0,53.0,113.0,964,159,160.0,5079,2.591397849,1.786516854,3.018867925,44.94690265,2007
2007-08,Punjab,Faisalabad Divn.            ,TT Singh,110,157,24.0,39.0,46.0,456,46,104.0,2292,2.904458599,1.916666667,2.666666667,49.82608696,2007
2007-08,Punjab,Gujranwala Divn.     ,Gujranwala,118,229,247.0,0.0,3.0,692,487,0.0,109,3.021834061,1.971659919,0.0,36.33333333,2007
2007-08,Punjab,Gujranwala Divn.     ,Gujrat,48,144,44.0,0.0,3.0,234,82,0.0,124,1.625,1.863636364,0.0,41.33333333,2007
2007-08,Punjab,Gujranwala Divn.     ,Hafizabad,38,148,123.0,0.0,7.0,425,223,0.0,282,2.871621622,1.81300813,0.0,40.28571429,2007
2007-08,Punjab,Gujranwala Divn.     ,Mandi BahaudDin,40,122,79.0,2.0,39.0,314,160,3.0,1622,2.573770492,2.025316456,1.5,41.58974359,2007
2007-08,Punjab,Gujranwala Divn.     ,Narowal,48,157,88.0,0.0,2.0,319,155,0.0,77,2.031847134,1.761363636,0.0,38.5,2007
2007-08,Punjab,Gujranwala Divn.     ,Sialkot,52,203,180.0,0.0,2.0,509,351,0.0,61,2.507389163,1.95,0.0,30.5,2007
2007-08,Punjab,Lahore Divn.                                        ,Lahore,46,58,34.0,0.0,0.4,142,63,0.0,18,2.448275862,1.852941176,0.0,45.0,2007
2007-08,Punjab,Lahore Divn.                                        ,Kasur,84,180,71.0,11.0,52.0,486,144,21.0,2359,2.7,2.028169014,1.909090909,45.36538462,2007
2007-08,Punjab,Lahore Divn.                                        ,Sheikhupura,99,174,178.0,0.0,2.0,428,300,0.0,92,2.459770115,1.685393258,0.0,46.0,2007
2007-08,Punjab,Multan Divn.                                      ,Multan,174,186,12.0,189.0,2.0,434,23,760.0,106,2.333333333,1.916666667,4.021164021,53.0,2007
2007-08,Punjab,Multan Divn.                                      ,Khanewal,104,212,23.0,191.0,19.0,567,40,737.0,912,2.674528302,1.739130435,3.858638743,48.0,2007
2007-08,Punjab,Multan Divn.                                      ,Lodhran,99,158,1.0,209.0,2.0,407,2,865.0,97,2.575949367,2.0,4.138755981,48.5,2007
2007-08,Punjab,Multan Divn.                                      ,Vehari,129,235,21.0,234.0,26.0,651,39,672.0,1463,2.770212766,1.857142857,2.871794872,56.26923077,2007
2007-08,Punjab,Rawalpindi Divn.                               ,Rawalpindi,14,109,0.0,0.0,0.0,175,0,0.0,0,1.605504587,0.0,0.0,0.0,2007
2007-08,Punjab,Rawalpindi Divn.                               ,Attock,7,157,0.0,0.0,0.2,200,0,0.0,0,1.27388535,0.0,0.0,0.0,2007
2007-08,Punjab,Rawalpindi Divn.                               ,Chakwal,4,122,0.0,0.2,0.0,137,0,0.5,0,1.12295082,0.0,2.5,0.0,2007
2007-08,Punjab,Rawalpindi Divn.                               ,Jhelum,3,52,1.0,0.2,0.2,85,1,0.5,8,1.634615385,1.0,2.5,40.0,2007
2007-08,Punjab,Sahiwal Divn.                                   ,Sahiwal,86,140,27.0,82.0,12.0,375,49,230.0,487,2.678571429,1.814814815,2.804878049,40.58333333,2007
2007-08,Punjab,Sahiwal Divn.                                   ,Okara,121,193,108.0,27.0,26.0,613,254,79.0,1056,3.176165803,2.351851852,2.925925926,40.61538462,2007
2007-08,Punjab,Sahiwal Divn.                                   ,Pakpattan,89,133,48.0,57.0,12.0,413,105,215.0,594,3.105263158,2.1875,3.771929825,49.5,2007
2007-08,Punjab,Sargodha Divn.                                     ,Sargodha,61,206,38.0,7.0,70.0,469,74,11.0,3249,2.276699029,1.947368421,1.571428571,46.41428571,2007
2007-08,Punjab,Sargodha Divn.                                     ,Bhakkar,29,158,0.0,5.0,19.0,340,1,11.0,713,2.151898734,0.0,2.2,37.52631579,2007
2007-08,Punjab,Sargodha Divn.                                     ,Khushab,9,85,18.0,0.2,8.0,136,36,0.5,373,1.6,2.0,2.5,46.625,2007
2007-08,Punjab,Sargodha Divn.                                     ,Mianwali,23,166,4.0,9.0,4.0,304,7,33.0,143,1.831325301,1.75,3.666666667,35.75,2007
2008-09,Punjab,Bahawalpur Divn.                      ,Bahawalpur,126,295,6.0,279.0,12.0,885,11,1221.0,606,3.0,1.833333333,4.376344086,50.5,2008
2008-09,Punjab,Bahawalpur Divn.                      ,Bahawalnagar,109,346,70.0,211.0,16.0,990,126,920.0,739,2.861271676,1.8,4.360189573,46.1875,2008
2008-09,Punjab,Bahawalpur Divn.                      ,Rahim Yar Khan,154,321,24.0,254.0,89.0,870,47,1184.0,5346,2.710280374,1.958333333,4.661417323,60.06741573,2008
2008-09,Punjab,D.G.Khan Divn.     ,DG Khan,76,167,36.0,95.0,4.0,388,80,343.0,202,2.323353293,2.222222222,3.610526316,50.5,2008
2008-09,Punjab,D.G.Khan Divn.     ,Layyah,60,199,5.0,38.0,13.0,504,10,131.0,649,2.532663317,2.0,3.447368421,49.92307692,2008
2008-09,Punjab,D.G.Khan Divn.     ,Muzaffargarh,96,316,24.0,182.0,35.0,855,49,505.0,1721,2.705696203,2.041666667,2.774725275,49.17142857,2008
2008-09,Punjab,D.G.Khan Divn.     ,Rajanpur,81,159,9.0,127.0,13.0,406,17,436.0,714,2.553459119,1.888888889,3.433070866,54.92307692,2008
2008-09,Punjab,Faisalabad Divn.            ,Faisalabad,117,290,39.0,39.0,105.0,846,62,145.0,5124,2.917241379,1.58974359,3.717948718,48.8,2008
2008-09,Punjab,Faisalabad Divn.            ,Jhang,61,401,103.0,55.0,88.0,1123,182,206.0,4150,2.800498753,1.766990291,3.745454545,47.15909091,2008
2008-09,Punjab,Faisalabad Divn.            ,TT Singh,112,163,35.0,44.0,38.0,490,60,165.0,1881,3.006134969,1.714285714,3.75,49.5,2008
2008-09,Punjab,Gujranwala Divn.     ,Gujranwala,120,236,249.0,0.0,2.0,755,495,0.0,92,3.199152542,1.987951807,0.0,46.0,2008
2008-09,Punjab,Gujranwala Divn.     ,Gujrat,50,158,59.0,0.0,2.0,294,109,0.0,95,1.860759494,1.847457627,0.0,47.5,2008
2008-09,Punjab,Gujranwala Divn.     ,Hafizabad,40,161,130.0,0.0,6.0,465,246,0.0,231,2.888198758,1.892307692,0.0,38.5,2008
2008-09,Punjab,Gujranwala Divn.     ,Mandi BahaudDin,42,132,96.0,2.0,30.0,357,163,3.0,1232,2.704545455,1.697916667,1.5,41.06666667,2008
2008-09,Punjab,Gujranwala Divn.     ,Narowal,50,159,103.0,0.0,2.0,311,143,0.0,62,1.955974843,1.388349515,0.0,31.0,2008
2008-09,Punjab,Gujranwala Divn.     ,Sialkot,54,211,191.0,0.0,2.0,544,341,0.0,48,2.578199052,1.785340314,0.0,24.0,2008
2008-09,Punjab,Lahore Divn.                                        ,Lahore,48,62,44.0,0.0,0.4,156,83,0.0,18,2.516129032,1.886363636,0.0,45.0,2008
2008-09,Punjab,Lahore Divn.                                        ,Kasur,86,194,90.0,13.0,39.0,577,180,33.0,1720,2.974226804,2.0,2.538461538,44.1025641,2008
2008-09,Punjab,Lahore Divn.                                        ,Nankana Sahib,10,166,115.0,0.2,19.0,494,211,0.5,863,2.975903614,1.834782609,2.5,45.42105263,2008
2008-09,Punjab,Lahore Divn.                                        ,Sheikhupura,90,186,185.0,0.0,1.7,496,310,0.0,73,2.666666667,1.675675676,0.0,42.94117647,2008
2008-09,Punjab,Multan Divn.                                      ,Multan,176,200,17.0,169.0,3.0,589,27,671.0,121,2.945,1.588235294,3.970414201,40.33333333,2008
2008-09,Punjab,Multan Divn.                                      ,Khanewal,106,229,30.0,167.0,9.0,714,58,754.0,423,3.11790393,1.933333333,4.51497006,47.0,2008
2008-09,Punjab,Multan Divn.                                      ,Lodhran,102,187,5.0,197.0,2.0,600,8,636.0,93,3.20855615,1.6,3.228426396,46.5,2008
2008-09,Punjab,Multan Divn.                                      ,Vehari,131,261,29.0,182.0,14.0,753,53,691.0,748,2.885057471,1.827586207,3.796703297,53.42857143,2008
2008-09,Punjab,Rawalpindi Divn.                               ,Rawalpindi,15,115,0.0,0.0,0.0,208,0,0.0,0,1.808695652,0.0,0.0,0.0,2008
2008-09,Punjab,Rawalpindi Divn.                               ,Attock,8,161,0.0,0.0,0.2,275,0,0.0,8,1.708074534,0.0,0.0,40.0,2008
2008-09,Punjab,Rawalpindi Divn.                               ,Chakwal,5,129,0.0,0.2,0.0,169,0,0.5,0,1.310077519,0.0,2.5,0.0,2008
2008-09,Punjab,Rawalpindi Divn.                               ,Jhelum,4,49,2.0,0.2,0.2,99,3,0.5,9,2.020408163,1.5,2.5,45.0,2008
2008-09,Punjab,Sahiwal Divn.                                   ,Sahiwal,87,149,30.0,71.0,11.0,460,52,310.0,433,3.087248322,1.733333333,4.366197183,39.36363636,2008
2008-09,Punjab,Sahiwal Divn.                                   ,Okara,122,219,120.0,25.0,19.0,747,273,85.0,887,3.410958904,2.275,3.4,46.68421053,2008
2008-09,Punjab,Sahiwal Divn.                                   ,Pakpattan,90,151,54.0,46.0,5.0,516,113,212.0,233,3.417218543,2.092592593,4.608695652,46.6,2008
2008-09,Punjab,Sargodha Divn.                                     ,Sargodha,62,223,51.0,7.0,62.0,596,83,15.0,2817,2.67264574,1.62745098,2.142857143,45.43548387,2008
2008-09,Punjab,Sargodha Divn.                                     ,Bhakkar,30,169,1.0,8.0,14.0,384,2,27.0,555,2.272189349,2.0,3.375,39.64285714,2008
2008-09,Punjab,Sargodha Divn.                                     ,Khushab,10,83,21.0,0.2,7.0,149,37,1.0,294,1.795180723,1.761904762,5.0,42.0,2008
2008-09,Punjab,Sargodha Divn.                                     ,Mianwali,24,176,5.0,13.0,3.0,333,9,57.0,108,1.892045455,1.8,4.384615385,36.0,2008
2009-10,Punjab,Bahawalpur Divn.                      ,Bahawalpur,139,305,7.0,282.0,11.0,861,10,969.0,592,2.82295082,1.428571429,3.436170213,53.81818182,2009
2009-10,Punjab,Bahawalpur Divn.                      ,Bahawalnagar,120,354,67.0,232.0,14.0,1059,140,898.0,704,2.991525424,2.089552239,3.870689655,50.28571429,2009
2009-10,Punjab,Bahawalpur Divn.                      ,Rahim Yar Khan,218,332,26.0,276.0,81.0,912,44,1143.0,5315,2.746987952,1.692307692,4.141304348,65.61728395,2009
2009-10,Punjab,D.G.Khan Divn.     ,DG Khan,83,178,41.0,98.0,4.0,449,98,356.0,197,2.52247191,2.390243902,3.632653061,49.25,2009
2009-10,Punjab,D.G.Khan Divn.     ,Layyah,64,202,10.0,49.0,12.0,515,17,127.0,623,2.54950495,1.7,2.591836735,51.91666667,2009
2009-10,Punjab,D.G.Khan Divn.     ,Muzaffargarh,95,316,27.0,176.0,32.0,859,47,488.0,1671,2.71835443,1.740740741,2.772727273,52.21875,2009
2009-10,Punjab,D.G.Khan Divn.     ,Rajanpur,80,168,13.0,142.0,13.0,452,26,627.0,974,2.69047619,2.0,4.415492958,74.92307692,2009
2009-10,Punjab,Faisalabad Divn.            ,Faisalabad,130,303,33.0,52.0,96.0,861,54,151.0,4690,2.841584158,1.636363636,2.903846154,48.85416667,2009
2009-10,Punjab,Faisalabad Divn.            ,Jhang,170,283,66.0,70.0,40.0,772,111,151.0,2016,2.727915194,1.681818182,2.157142857,50.4,2009
2009-10,Punjab,Faisalabad Divn.            ,TT Singh,72,164,36.0,55.0,36.0,460,64,143.0,1826,2.804878049,1.777777778,2.6,50.72222222,2009
2009-10,Punjab,Gujranwala Divn.     ,Gujranwala,203,234,248.0,0.0,2.0,754,549,0.0,75,3.222222222,2.213709677,0.0,37.5,2009
2009-10,Punjab,Gujranwala Divn.     ,Gujrat,56,143,45.0,0.0,2.0,206,76,0.0,92,1.440559441,1.688888889,0.0,46.0,2009
2009-10,Punjab,Gujranwala Divn.     ,Hafizabad,49,161,133.0,0.0,6.0,412,277,0.0,214,2.559006211,2.082706767,0.0,35.66666667,2009
2009-10,Punjab,Gujranwala Divn.     ,Mandi BahaudDin,54,135,88.0,2.0,28.0,348,161,3.0,1193,2.577777778,1.829545455,1.5,42.60714286,2009
2009-10,Punjab,Gujranwala Divn.     ,Narowal,67,167,92.0,0.0,2.0,307,147,0.0,49,1.838323353,1.597826087,0.0,24.5,2009
2009-10,Punjab,Gujranwala Divn.     ,Sialkot,52,209,171.0,0.0,1.0,454,353,0.0,36,2.172248804,2.064327485,0.0,36.0,2009
2009-10,Punjab,Lahore Divn.                                        ,Lahore,72,64,34.0,0.0,0.2,164,63,0.0,17,2.5625,1.852941176,0.0,85.0,2009
2009-10,Punjab,Lahore Divn.                                        ,Kasur,91,210,90.0,15.0,36.0,570,169,32.0,1821,2.714285714,1.877777778,2.133333333,50.58333333,2009
2009-10,Punjab,Lahore Divn.                                        ,Nankana Sahib,40,141,102.0,0.0,17.0,374,184,0.0,762,2.65248227,1.803921569,0.0,44.82352941,2009
2009-10,Punjab,Lahore Divn.                                        ,Sheikhupura,90,223,206.0,0.0,3.0,558,370,0.0,142,2.502242152,1.796116505,0.0,47.33333333,2009
2009-10,Punjab,Multan Divn.                                      ,Multan,236,208,14.0,173.0,3.0,520,21,617.0,112,2.5,1.5,3.566473988,37.33333333,2009
2009-10,Punjab,Multan Divn.                                      ,Khanewal,127,242,27.0,188.0,8.0,729,44,604.0,420,3.012396694,1.62962963,3.212765957,52.5,2009
2009-10,Punjab,Multan Divn.                                      ,Lodhran,137,204,10.0,200.0,2.0,603,15,743.0,85,2.955882353,1.5,3.715,42.5,2009
2009-10,Punjab,Multan Divn.                                      ,Vehari,160,273,27.0,208.0,15.0,788,42,874.0,888,2.886446886,1.555555556,4.201923077,59.2,2009
2009-10,Punjab,Rawalpindi Divn.                               ,Rawalpindi,14,98,0.0,0.0,0.0,88,0,0.0,0,0.897959184,0.0,0.0,0.0,2009
2009-10,Punjab,Rawalpindi Divn.                               ,Attock,5,146,0.0,0.0,0.2,143,0,0.0,7,0.979452055,0.0,0.0,35.0,2009
2009-10,Punjab,Rawalpindi Divn.                               ,Chakwal,5,67,0.0,0.0,0.0,41,0,0.0,0,0.611940299,0.0,0.0,0.0,2009
2009-10,Punjab,Rawalpindi Divn.                               ,Jhelum,4,45,2.0,0.2,0.2,65,2,0.0,8,1.444444444,1.0,0.0,40.0,2009
2009-10,Punjab,Sahiwal Divn.                                   ,Sahiwal,104,151,30.0,85.0,8.0,456,54,233.0,321,3.01986755,1.8,2.741176471,40.125,2009
2009-10,Punjab,Sahiwal Divn.                                   ,Okara,176,221,125.0,30.0,15.0,753,280,84.0,715,3.407239819,2.24,2.8,47.66666667,2009
2009-10,Punjab,Sahiwal Divn.                                   ,Pakpattan,86,159,52.0,51.0,4.0,574,121,160.0,202,3.610062893,2.326923077,3.137254902,50.5,2009
2009-10,Punjab,Sargodha Divn.                                     ,Sargodha,88,225,48.0,9.0,56.0,505,81,22.0,2602,2.244444444,1.6875,2.444444444,46.46428571,2009
2009-10,Punjab,Sargodha Divn.                                     ,Bhakkar,23,185,2.0,18.0,13.0,426,4,47.0,602,2.302702703,2.0,2.611111111,46.30769231,2009
2009-10,Punjab,Sargodha Divn.                                     ,Khushab,15,83,22.0,0.2,5.0,159,28,1.0,215,1.915662651,1.272727273,5.0,43.0,2009
2009-10,Punjab,Sargodha Divn.                                     ,Mianwali,18,182,4.0,22.0,3.0,382,5,72.0,175,2.098901099,1.25,3.272727273,58.33333333,2009
2010-11,Punjab,Bahawalpur Divn.                      ,Bahawalpur,132,280,6.0,272.0,11.0,882,10,1100.0,1023,3.15,1.666666667,4.044117647,93.0,2010
2010-11,Punjab,Bahawalpur Divn.                      ,Bahawalnagar,112,345,63.0,226.0,14.0,1077,127,927.0,858,3.12173913,2.015873016,4.101769912,61.28571429,2010
2010-11,Punjab,Bahawalpur Divn.                      ,Rahim Yar Khan,194,302,23.0,247.0,81.0,942,35,877.0,6522,3.119205298,1.52173913,3.550607287,80.51851852,2010
2010-11,Punjab,D.G.Khan Divn.     ,DG Khan,82,175,29.0,66.0,4.0,448,60,213.0,138,2.56,2.068965517,3.227272727,34.5,2010
2010-11,Punjab,D.G.Khan Divn.     ,Layyah,64,197,4.0,44.0,12.0,456,7,112.0,468,2.314720812,1.75,2.545454545,39.0,2010
2010-11,Punjab,D.G.Khan Divn.     ,Muzaffargarh,85,308,15.0,94.0,32.0,823,26,385.0,801,2.672077922,1.733333333,4.095744681,25.03125,2010
2010-11,Punjab,D.G.Khan Divn.     ,Rajanpur,63,175,5.0,58.0,13.0,377,9,184.0,1452,2.154285714,1.8,3.172413793,111.6923077,2010
2010-11,Punjab,Faisalabad Divn.            ,Faisalabad,114,284,26.0,51.0,96.0,897,47,130.0,5472,3.158450704,1.807692308,2.549019608,57.0,2010
2010-11,Punjab,Faisalabad Divn.            ,Chiniot,14,108,33.0,3.0,39.0,335,64,7.0,2455,3.101851852,1.939393939,2.333333333,62.94871795,2010
2010-11,Punjab,Faisalabad Divn.            ,Jhang,125,272,59.0,64.0,40.0,797,103,161.0,2723,2.930147059,1.745762712,2.515625,68.075,2010
2010-11,Punjab,Faisalabad Divn.            ,TT Singh,68,156,33.0,48.0,36.0,539,62,112.0,2422,3.455128205,1.878787879,2.333333333,67.27777778,2010
2010-11,Punjab,Gujranwala Divn.     ,Gujranwala,121,233,241.0,0.0,2.0,733,507,0.0,97,3.145922747,2.10373444,0.0,48.5,2010
2010-11,Punjab,Gujranwala Divn.     ,Gujrat,41,151,41.0,0.0,2.0,288,64,0.0,107,1.907284768,1.56097561,0.0,53.5,2010
2010-11,Punjab,Gujranwala Divn.     ,Hafizabad,44,153,127.0,0.0,6.0,487,263,0.0,206,3.183006536,2.070866142,0.0,34.33333333,2010
2010-11,Punjab,Gujranwala Divn.     ,Mandi BahaudDin,57,137,82.0,2.0,28.0,359,139,2.0,1518,2.620437956,1.695121951,1.0,54.21428571,2010
2010-11,Punjab,Gujranwala Divn.     ,Narowal,56,163,90.0,0.0,2.0,382,158,0.0,61,2.343558282,1.755555556,0.0,30.5,2010
2010-11,Punjab,Gujranwala Divn.     ,Sialkot,48,216,154.0,0.0,1.0,570,312,0.0,51,2.638888889,2.025974026,0.0,51.0,2010
2010-11,Punjab,Lahore Divn.                                        ,Lahore,92,65,33.0,0.0,0.2,186,59,0.0,18,2.861538462,1.787878788,0.0,90.0,2010
2010-11,Punjab,Lahore Divn.                                        ,Kasur,97,187,79.0,17.0,36.0,578,147,36.0,2008,3.090909091,1.860759494,2.117647059,55.77777778,2010
2010-11,Punjab,Lahore Divn.                                        ,Nankana Sahib,35,114,96.0,0.0,17.0,341,173,0.0,914,2.99122807,1.802083333,0.0,53.76470588,2010
2010-11,Punjab,Lahore Divn.                                        ,Sheikhupura,72,223,202.0,0.0,3.0,678,338,0.0,167,3.040358744,1.673267327,0.0,55.66666667,2010
2010-11,Punjab,Multan Divn.                                      ,Multan,203,186,11.0,167.0,3.0,521,17,611.0,141,2.801075269,1.545454545,3.658682635,47.0,2010
2010-11,Punjab,Multan Divn.                                      ,Khanewal,108,203,25.0,194.0,8.0,628,43,729.0,462,3.093596059,1.72,3.757731959,57.75,2010
2010-11,Punjab,Multan Divn.                                      ,Lodhran,103,186,7.0,205.0,2.0,580,10,687.0,95,3.11827957,1.428571429,3.351219512,47.5,2010
2010-11,Punjab,Multan Divn.                                      ,Vehari,148,243,24.0,223.0,15.0,767,44,838.0,1125,3.156378601,1.833333333,3.757847534,75.0,2010
2010-11,Punjab,Rawalpindi Divn.                               ,Rawalpindi,30,115,0.0,0.0,0.0,158,0,0.0,0,1.373913043,0.0,0.0,0.0,2010
2010-11,Punjab,Rawalpindi Divn.                               ,Attock,6,156,0.0,0.0,0.2,253,0,0.0,8,1.621794872,0.0,0.0,40.0,2010
2010-11,Punjab,Rawalpindi Divn.                               ,Chakwal,3,126,0.0,0.0,0.0,166,0,0.0,0,1.317460317,0.0,0.0,0.0,2010
2010-11,Punjab,Rawalpindi Divn.                               ,Jhelum,13,49,1.0,0.2,0.2,92,2,0.5,7,1.87755102,2.0,2.5,35.0,2010
2010-11,Punjab,Sahiwal Divn.                                   ,Sahiwal,104,140,27.0,87.0,8.0,453,55,310.0,353,3.235714286,2.037037037,3.563218391,44.125,2010
2010-11,Punjab,Sahiwal Divn.                                   ,Okara,147,218,122.0,31.0,15.0,783,287,110.0,850,3.591743119,2.352459016,3.548387097,56.66666667,2010
2010-11,Punjab,Sahiwal Divn.                                   ,Pakpattan,88,147,47.0,50.0,4.0,555,115,203.0,330,3.775510204,2.446808511,4.06,82.5,2010
2010-11,Punjab,Sargodha Divn.                                     ,Sargodha,84,219,40.0,10.0,56.0,565,63,21.0,3357,2.579908676,1.575,2.1,59.94642857,2010
2010-11,Punjab,Sargodha Divn.                                     ,Bhakkar,27,182,1.0,18.0,13.0,444,2,40.0,766,2.43956044,2.0,2.222222222,58.92307692,2010
2010-11,Punjab,Sargodha Divn.                                     ,Khushab,13,92,18.0,1.0,5.0,186,31,4.0,321,2.02173913,1.722222222,4.0,64.2,2010
2010-11,Punjab,Sargodha Divn.                                     ,Mianwali,21,172,3.0,23.0,3.0,412,5,55.0,185,2.395348837,1.666666667,2.391304348,61.66666667,2010
2011-12,Punjab,Bahawalpur Divn.                      ,Bahawalpur,120,262,4.0,284.0,15.0,837,7,1364.0,1107,3.194656489,1.75,4.802816901,73.8,2011
2011-12,Punjab,Bahawalpur Divn.                      ,Bahawalnagar,119,336,47.0,251.0,16.0,989,94,1240.0,1007,2.943452381,2.0,4.940239044,62.9375,2011
2011-12,Punjab,Bahawalpur Divn.                      ,Rahim Yar Khan,188,286,18.0,244.0,94.0,887,33,1125.0,7781,3.101398601,1.833333333,4.610655738,82.77659574,2011
2011-12,Punjab,D.G.Khan Divn.     ,DG Khan,79,168,30.0,98.0,2.0,448,70,392.0,257,2.666666667,2.333333333,4.0,128.5,2011
2011-12,Punjab,D.G.Khan Divn.     ,Layyah,61,191,7.0,48.0,9.0,456,9,147.0,629,2.387434555,1.285714286,3.0625,69.88888889,2011
2011-12,Punjab,D.G.Khan Divn.     ,Muzaffargarh,90,299,23.0,171.0,28.0,823,41,661.0,2372,2.752508361,1.782608696,3.865497076,84.71428571,2011
2011-12,Punjab,D.G.Khan Divn.     ,Rajanpur,58,160,2.0,124.0,12.0,377,4,475.0,1281,2.35625,2.0,3.830645161,106.75,2011
2011-12,Punjab,Faisalabad Divn.            ,Faisalabad,95,281,28.0,61.0,105.0,856,46,170.0,5769,3.046263345,1.642857143,2.786885246,54.94285714,2011
2011-12,Punjab,Faisalabad Divn.            ,Chiniot,30,98,29.0,4.0,43.0,301,56,10.0,2618,3.071428571,1.931034483,2.5,60.88372093,2011
2011-12,Punjab,Faisalabad Divn.            ,Jhang,116,261,56.0,74.0,49.0,741,91,215.0,3221,2.83908046,1.625,2.905405405,65.73469388,2011
2011-12,Punjab,Faisalabad Divn.            ,TT Singh,71,153,30.0,59.0,42.0,476,53,192.0,2721,3.111111111,1.766666667,3.254237288,64.78571429,2011
2011-12,Punjab,Gujranwala Divn.     ,Gujranwala,123,236,249.0,0.0,2.0,823,545,0.0,116,3.487288136,2.18875502,0.0,58.0,2011
2011-12,Punjab,Gujranwala Divn.     ,Gujrat,21,151,37.0,0.0,2.0,266,56,0.0,108,1.761589404,1.513513514,0.0,54.0,2011
2011-12,Punjab,Gujranwala Divn.     ,Hafizabad,52,154,126.0,0.0,5.0,475,252,0.0,251,3.084415584,2.0,0.0,50.2,2011
2011-12,Punjab,Gujranwala Divn.     ,Mandi BahaudDin,61,136,80.0,2.0,34.0,371,149,4.0,1842,2.727941176,1.8625,2.0,54.17647059,2011
2011-12,Punjab,Gujranwala Divn.     ,Narowal,57,169,91.0,0.0,2.0,373,146,0.0,63,2.207100592,1.604395604,0.0,31.5,2011
2011-12,Punjab,Gujranwala Divn.     ,Sialkot,32,205,151.0,0.0,2.0,597,290,0.0,53,2.912195122,1.920529801,0.0,26.5,2011
2011-12,Punjab,Lahore Divn.                                        ,Lahore,70,64,32.0,0.0,0.2,192,56,0.0,18,3.0,1.75,0.0,90.0,2011
2011-12,Punjab,Lahore Divn.                                        ,Kasur,92,184,77.0,19.0,40.0,570,147,49.0,2155,3.097826087,1.909090909,2.578947368,53.875,2011
2011-12,Punjab,Lahore Divn.                                        ,Nankana Sahib,24,113,98.0,2.0,19.0,352,175,3.0,1033,3.115044248,1.785714286,1.5,54.36842105,2011
2011-12,Punjab,Lahore Divn.                                        ,Sheikhupura,87,229,206.0,0.0,4.0,658,368,0.0,189,2.873362445,1.786407767,0.0,47.25,2011
2011-12,Punjab,Multan Divn.                                      ,Multan,190,167,11.0,180.0,3.0,435,17,870.0,205,2.604790419,1.545454545,4.833333333,68.33333333,2011
2011-12,Punjab,Multan Divn.                                      ,Khanewal,102,195,22.0,209.0,9.0,574,37,1053.0,421,2.943589744,1.681818182,5.038277512,46.77777778,2011
2011-12,Punjab,Multan Divn.                                      ,Lodhran,114,166,6.0,211.0,2.0,500,9,971.0,105,3.012048193,1.5,4.601895735,52.5,2011
2011-12,Punjab,Multan Divn.                                      ,Vehari,134,236,19.0,230.0,18.0,756,37,1111.0,1084,3.203389831,1.947368421,4.830434783,60.22222222,2011
2011-12,Punjab,Rawalpindi Divn.                               ,Rawalpindi,17,117,0.0,0.0,0.0,144,0,0.0,0,1.230769231,0.0,0.0,0.0,2011
2011-12,Punjab,Rawalpindi Divn.                               ,Attock,8,155,0.0,0.0,0.2,167,0,0.0,7,1.077419355,0.0,0.0,35.0,2011
2011-12,Punjab,Rawalpindi Divn.                               ,Chakwal,3,122,0.0,0.0,0.0,113,0,0.0,0,0.926229508,0.0,0.0,0.0,2011
2011-12,Punjab,Rawalpindi Divn.                               ,Jhelum,2,50,1.0,0.2,0.2,69,2,0.5,8,1.38,2.0,2.5,40.0,2011
2011-12,Punjab,Sahiwal Divn.                                   ,Sahiwal,89,134,21.0,97.0,9.0,415,36,446.0,404,3.097014925,1.714285714,4.597938144,44.88888889,2011
2011-12,Punjab,Sahiwal Divn.                                   ,Okara,127,205,111.0,35.0,17.0,727,256,150.0,858,3.546341463,2.306306306,4.285714286,50.47058824,2011
2011-12,Punjab,Sahiwal Divn.                                   ,Pakpattan,92,141,40.0,55.0,4.0,475,91,264.0,234,3.368794326,2.275,4.8,58.5,2011
2011-12,Punjab,Sargodha Divn.                                     ,Sargodha,66,211,41.0,13.0,60.0,562,69,33.0,3520,2.663507109,1.682926829,2.538461538,58.66666667,2011
2011-12,Punjab,Sargodha Divn.                                     ,Bhakkar,33,174,1.0,25.0,15.0,388,2,83.0,924,2.229885057,2.0,3.32,61.6,2011
2011-12,Punjab,Sargodha Divn.                                     ,Khushab,14,86,16.0,3.0,7.0,145,28,6.0,330,1.686046512,1.75,2.0,47.14285714,2011
2011-12,Punjab,Sargodha Divn.                                     ,Mianwali,16,175,3.0,34.0,3.0,386,5,95.0,202,2.205714286,1.666666667,2.794117647,67.33333333,2011
2012-13,Punjab,Bahawalpur Divn.                      ,Bahawalpur,100,263,4.0,273.0,18.0,795,6,1176.0,1000,3.022813688,1.5,4.307692308,55.55555556,2012
2012-13,Punjab,Bahawalpur Divn.                      ,Bahawalnagar,102,332,50.0,229.0,18.0,998,106,1082.0,1050,3.006024096,2.12,4.72489083,58.33333333,2012
2012-13,Punjab,Bahawalpur Divn.                      ,Rahim Yar Khan,135,275,16.0,222.0,108.0,925,29,914.0,8653,3.363636364,1.8125,4.117117117,80.12037037,2012
2012-13,Punjab,D.G.Khan Divn.     ,DG Khan,85,177,24.0,73.0,4.0,444,54,242.0,364,2.508474576,2.25,3.315068493,91.0,2012
2012-13,Punjab,D.G.Khan Divn.     ,Layyah,52,217,6.0,53.0,12.0,498,9,154.0,736,2.294930876,1.5,2.905660377,61.33333333,2012
2012-13,Punjab,D.G.Khan Divn.     ,Muzaffargarh,89,312,23.0,164.0,40.0,807,47,608.0,2508,2.586538462,2.043478261,3.707317073,62.7,2012
2012-13,Punjab,D.G.Khan Divn.     ,Rajanpur,40,177,1.0,107.0,18.0,412,2,378.0,1121,2.327683616,2.0,3.53271028,62.27777778,2012
2012-13,Punjab,Faisalabad Divn.            ,Faisalabad,91,301,28.0,45.0,105.0,865,50,117.0,5559,2.873754153,1.785714286,2.6,52.94285714,2012
2012-13,Punjab,Faisalabad Divn.            ,Chiniot,35,120,28.0,4.0,49.0,299,57,7.0,2522,2.491666667,2.035714286,1.75,51.46938776,2012
2012-13,Punjab,Faisalabad Divn.            ,Jhang,108,293,59.0,59.0,60.0,771,95,150.0,2976,2.631399317,1.610169492,2.542372881,49.6,2012
2012-13,Punjab,Faisalabad Divn.            ,TT Singh,59,172,30.0,44.0,47.0,506,55,142.0,2375,2.941860465,1.833333333,3.227272727,50.53191489,2012
2012-13,Punjab,Gujranwala Divn.     ,Gujranwala,154,238,247.0,0.0,2.0,736,578,0.0,95,3.092436975,2.340080972,0.0,47.5,2012
2012-13,Punjab,Gujranwala Divn.     ,Gujrat,14,154,36.0,0.0,2.0,187,63,0.0,109,1.214285714,1.75,0.0,54.5,2012
2012-13,Punjab,Gujranwala Divn.     ,Hafizabad,54,158,129.0,0.0,6.0,473,272,0.0,264,2.993670886,2.108527132,0.0,44.0,2012
2012-13,Punjab,Gujranwala Divn.     ,Mandi BahaudDin,78,142,81.0,2.0,38.0,389,157,3.0,1863,2.73943662,1.938271605,1.5,49.02631579,2012
2012-13,Punjab,Gujranwala Divn.     ,Narowal,98,164,89.0,0.0,2.0,328,149,0.0,63,2.0,1.674157303,0.0,31.5,2012
2012-13,Punjab,Gujranwala Divn.     ,Sialkot,31,210,151.0,0.0,2.0,610,303,0.0,54,2.904761905,2.006622517,0.0,27.0,2012
2012-13,Punjab,Lahore Divn.                                        ,Lahore,64,55,29.0,0.0,0.2,174,59,0.0,18,3.163636364,2.034482759,0.0,90.0,2012
2012-13,Punjab,Lahore Divn.                                        ,Kasur,87,179,75.0,12.0,43.0,536,160,30.0,2044,2.994413408,2.133333333,2.5,47.53488372,2012
2012-13,Punjab,Lahore Divn.                                        ,Nankana Sahib,31,119,96.0,1.0,21.0,368,186,2.0,1035,3.092436975,1.9375,2.0,49.28571429,2012
2012-13,Punjab,Lahore Divn.                                        ,Sheikhupura,82,221,206.0,0.0,4.0,672,382,2.0,203,3.040723982,1.854368932,0.0,50.75,2012
2012-13,Punjab,Multan Divn.                                      ,Multan,121,172,10.0,169.0,4.0,502,16,775.0,186,2.918604651,1.6,4.585798817,46.5,2012
2012-13,Punjab,Multan Divn.                                      ,Khanewal,88,202,20.0,200.0,8.0,628,36,940.0,408,3.108910891,1.8,4.7,51.0,2012
2012-13,Punjab,Multan Divn.                                      ,Lodhran,97,192,6.0,191.0,2.0,610,10,803.0,137,3.177083333,1.666666667,4.204188482,68.5,2012
2012-13,Punjab,Multan Divn.                                      ,Vehari,95,251,18.0,224.0,18.0,821,36,1050.0,1042,3.270916335,2.0,4.6875,57.88888889,2012
2012-13,Punjab,Rawalpindi Divn.                               ,Rawalpindi,22,4,0.0,0.0,0.0,7,0,0.0,0,1.75,0.0,0.0,0.0,2012
2012-13,Punjab,Rawalpindi Divn.                               ,Attock,4,14,0.0,0.0,0.2,36,0,0.0,0,2.571428571,0.0,0.0,0.0,2012
2012-13,Punjab,Rawalpindi Divn.                               ,Chakwal,5,7,0.0,0.2,0.0,11,0,0.5,0,1.571428571,0.0,2.5,0.0,2012
2012-13,Punjab,Rawalpindi Divn.                               ,Jhelum,12,15,1.0,0.2,0.2,46,2,0.5,16,3.066666667,2.0,2.5,80.0,2012
2012-13,Punjab,Sahiwal Divn.                                   ,Sahiwal,144,135,25.0,87.0,9.0,422,49,406.0,344,3.125925926,1.96,4.666666667,38.22222222,2012
2012-13,Punjab,Sahiwal Divn.                                   ,Okara,147,214,123.0,28.0,17.0,766,304,139.0,696,3.579439252,2.471544715,4.964285714,40.94117647,2012
2012-13,Punjab,Sahiwal Divn.                                   ,Pakpattan,74,152,45.0,42.0,4.0,530,117,180.0,190,3.486842105,2.6,4.285714286,47.5,2012
2012-13,Punjab,Sargodha Divn.                                     ,Sargodha,52,210,37.0,11.0,64.0,577,61,26.0,3675,2.747619048,1.648648649,2.363636364,57.421875,2012
2012-13,Punjab,Sargodha Divn.                                     ,Bhakkar,33,160,0.0,24.0,18.0,401,1,86.0,1035,2.50625,0.0,3.583333333,57.5,2012
2012-13,Punjab,Sargodha Divn.                                     ,Khushab,19,61,16.0,3.0,7.0,142,23,6.0,447,2.327868852,1.4375,2.0,63.85714286,2012
2012-13,Punjab,Sargodha Divn.                                     ,Mianwali,26,149,3.0,41.0,4.0,412,5,109.0,194,2.765100671,1.666666667,2.658536585,48.5,2012
2013-14,Punjab,Bahawalpur Divn.                      ,Bahawalpur,122,289,7.0,268.0,22.0,879,10,1152.0,1371,3.041522491,1.428571429,4.298507463,62.31818182,2013
2013-14,Punjab,Bahawalpur Divn.                      ,Bahawalnagar,116,354,61.0,228.0,16.0,1086,128,1085.0,895,3.06779661,2.098360656,4.75877193,55.9375,2013
2013-14,Punjab,Bahawalpur Divn.                      ,Rahim Yar Khan,179,289,22.0,206.0,132.0,985,42,910.0,9826,3.408304498,1.909090909,4.417475728,74.43939394,2013
2013-14,Punjab,D.G.Khan Divn.     ,DG Khan,103,154,28.0,88.0,6.0,481,63,317.0,370,3.123376623,2.25,3.602272727,61.66666667,2013
2013-14,Punjab,D.G.Khan Divn.     ,Layyah,70,214,7.0,51.0,14.0,584,11,146.0,749,2.728971963,1.571428571,2.862745098,53.5,2013
2013-14,Punjab,D.G.Khan Divn.     ,Muzaffargarh,95,299,28.0,153.0,47.0,869,56,549.0,2790,2.906354515,2.0,3.588235294,59.36170213,2013
2013-14,Punjab,D.G.Khan Divn.     ,Rajanpur,68,150,2.0,99.0,27.0,447,5,459.0,1946,2.98,2.5,4.636363636,72.07407407,2013
2013-14,Punjab,Faisalabad Divn.            ,Faisalabad,97,301,30.0,33.0,111.0,950,53,81.0,5537,3.156146179,1.766666667,2.454545455,49.88288288,2013
2013-14,Punjab,Faisalabad Divn.            ,Chiniot,45,120,35.0,3.0,43.0,377,66,6.0,2312,3.141666667,1.885714286,2.0,53.76744186,2013
2013-14,Punjab,Faisalabad Divn.            ,Jhang,112,292,61.0,46.0,52.0,893,107,116.0,3009,3.058219178,1.754098361,2.52173913,57.86538462,2013
2013-14,Punjab,Faisalabad Divn.            ,TT Singh,70,172,36.0,42.0,40.0,568,61,141.0,2314,3.302325581,1.694444444,3.357142857,57.85,2013
2013-14,Punjab,Gujranwala Divn.     ,Gujranwala,162,237,249.0,0.0,2.0,753,494,0.0,75,3.17721519,1.983935743,0.0,37.5,2013
2013-14,Punjab,Gujranwala Divn.     ,Gujrat,12,86,40.0,0.0,2.0,169,63,0.0,108,1.965116279,1.575,0.0,54.0,2013
2013-14,Punjab,Gujranwala Divn.     ,Hafizabad,57,158,133.0,0.0,6.0,487,271,0.0,259,3.082278481,2.037593985,0.0,43.16666667,2013
2013-14,Punjab,Gujranwala Divn.     ,Mandi BahaudDin,70,140,86.0,1.0,28.0,367,159,1.0,1306,2.621428571,1.848837209,1.0,46.64285714,2013
2013-14,Punjab,Gujranwala Divn.     ,Narowal,67,121,83.0,0.0,2.0,339,134,0.0,63,2.801652893,1.614457831,0.0,31.5,2013
2013-14,Punjab,Gujranwala Divn.     ,Sialkot,27,207,150.0,0.0,2.0,629,261,0.0,53,3.038647343,1.74,0.0,26.5,2013
2013-14,Punjab,Lahore Divn.                                        ,Lahore,53,60,38.0,0.0,0.2,173,65,0.0,19,2.883333333,1.710526316,0.0,95.0,2013
2013-14,Punjab,Lahore Divn.                                        ,Kasur,93,182,77.0,12.0,37.0,548,153,29.0,1872,3.010989011,1.987012987,2.416666667,50.59459459,2013
2013-14,Punjab,Lahore Divn.                                        ,Nankana Sahib,35,125,104.0,1.0,22.0,387,208,2.0,1005,3.096,2.0,2.0,45.68181818,2013
2013-14,Punjab,Lahore Divn.                                        ,Sheikhupura,91,225,196.0,0.0,2.0,690,352,0.0,113,3.066666667,1.795918367,0.0,56.5,2013
2013-14,Punjab,Multan Divn.                                      ,Multan,143,185,14.0,158.0,4.0,544,24,690.0,179,2.940540541,1.714285714,4.367088608,44.75,2013
2013-14,Punjab,Multan Divn.                                      ,Khanewal,74,215,27.0,196.0,8.0,681,46,956.0,397,3.16744186,1.703703704,4.87755102,49.625,2013
2013-14,Punjab,Multan Divn.                                      ,Lodhran,114,208,6.0,184.0,2.0,681,8,755.0,114,3.274038462,1.333333333,4.10326087,57.0,2013
2013-14,Punjab,Multan Divn.                                      ,Vehari,108,267,23.0,209.0,17.0,884,46,938.0,1024,3.310861423,2.0,4.488038278,60.23529412,2013
2013-14,Punjab,Rawalpindi Divn.                               ,Rawalpindi,20,117,0.0,0.0,0.0,8,0,0.0,0,0.068376068,0.0,0.0,0.0,2013
2013-14,Punjab,Rawalpindi Divn.                               ,Attock,9,159,0.0,0.0,0.0,32,0,0.0,0,0.201257862,0.0,0.0,0.0,2013
2013-14,Punjab,Rawalpindi Divn.                               ,Chakwal,2,120,0.0,0.0,0.0,11,0,0.5,0,0.091666667,0.0,0.0,0.0,2013
2013-14,Punjab,Rawalpindi Divn.                               ,Jhelum,5,54,1.0,0.2,0.2,44,2,1.0,16,0.814814815,2.0,5.0,80.0,2013
2013-14,Punjab,Sahiwal Divn.                                   ,Sahiwal,155,145,26.0,82.0,7.0,464,44,327.0,349,3.2,1.692307692,3.987804878,49.85714286,2013
2013-14,Punjab,Sahiwal Divn.                                   ,Okara,207,227,125.0,23.0,14.0,815,319,100.0,663,3.59030837,2.552,4.347826087,47.35714286,2013
2013-14,Punjab,Sahiwal Divn.                                   ,Pakpattan,83,158,47.0,39.0,3.0,560,111,169.0,161,3.544303797,2.361702128,4.333333333,53.66666667,2013
2013-14,Punjab,Sargodha Divn.                                     ,Sargodha,49,222,45.0,8.0,66.0,513,84,9.0,3316,2.310810811,1.866666667,1.125,50.24242424,2013
2013-14,Punjab,Sargodha Divn.                                     ,Bhakkar,42,173,1.0,25.0,20.0,428,2,75.0,1028,2.473988439,2.0,3.0,51.4,2013
2013-14,Punjab,Sargodha Divn.                                     ,Khushab,10,90,18.0,2.0,7.0,125,28,3.0,302,1.388888889,1.555555556,1.5,43.14285714,2013
2013-14,Punjab,Sargodha Divn.                                     ,Mianwali,24,178,3.0,42.0,3.0,423,5,128.0,163,2.376404494,1.666666667,3.047619048,54.33333333,2013
2014-15,Punjab,Bahawalpur Divn.                      ,Bahawalpur,137,294,10.0,280.0,21.0,902,19,1287.0,1325,3.068027211,1.9,4.596428571,63.0952381,2014
2014-15,Punjab,Bahawalpur Divn.                      ,Bahawalnagar,122,363,66.0,239.0,14.0,1153,138,1119.0,788,3.17630854,2.090909091,4.682008368,56.28571429,2014
2014-15,Punjab,Bahawalpur Divn.                      ,Rahim Yar Khan,226,318,27.0,219.0,126.0,1018,53,1034.0,9338,3.201257862,1.962962963,4.721461187,74.11111111,2014
2014-15,Punjab,D.G.Khan Divn.     ,DG Khan,96,180,43.0,109.0,7.0,548,93,471.0,389,3.044444444,2.162790698,4.321100917,55.57142857,2014
2014-15,Punjab,D.G.Khan Divn.     ,Layyah,76,222,12.0,54.0,14.0,584,20,172.0,764,2.630630631,1.666666667,3.185185185,54.57142857,2014
2014-15,Punjab,D.G.Khan Divn.     ,Muzaffargarh,102,291,40.0,142.0,45.0,856,77,631.0,2634,2.941580756,1.925,4.443661972,58.53333333,2014
2014-15,Punjab,D.G.Khan Divn.     ,Rajanpur,77,155,2.0,144.0,28.0,475,3,700.0,1865,3.064516129,1.5,4.861111111,66.60714286,2014
2014-15,Punjab,Faisalabad Divn.            ,Faisalabad,109,306,31.0,30.0,104.0,978,58,100.0,5621,3.196078431,1.870967742,3.333333333,54.04807692,2014
2014-15,Punjab,Faisalabad Divn.            ,Chiniot,50,120,41.0,2.0,38.0,348,70,5.0,2057,2.9,1.707317073,2.5,54.13157895,2014
2014-15,Punjab,Faisalabad Divn.            ,Jhang,106,303,53.0,36.0,47.0,931,94,98.0,2632,3.072607261,1.773584906,2.722222222,56.0,2014
2014-15,Punjab,Faisalabad Divn.            ,TT Singh,72,168,39.0,43.0,39.0,554,81,197.0,2240,3.297619048,2.076923077,4.581395349,57.43589744,2014
2014-15,Punjab,Gujranwala Divn.     ,Gujranwala,124,231,238.0,0.0,2.0,631,472,0.0,63,2.731601732,1.983193277,0.0,31.5,2014
2014-15,Punjab,Gujranwala Divn.     ,Gujrat,26,87,49.0,0.0,2.0,149,71,0.0,88,1.712643678,1.448979592,0.0,44.0,2014
2014-15,Punjab,Gujranwala Divn.     ,Hafizabad,43,163,123.0,0.0,5.0,499,237,0.0,242,3.061349693,1.926829268,0.0,48.4,2014
2014-15,Punjab,Gujranwala Divn.     ,Mandi BahaudDin,71,143,74.0,1.0,21.0,351,127,2.0,958,2.454545455,1.716216216,2.0,45.61904762,2014
2014-15,Punjab,Gujranwala Divn.     ,Narowal,45,119,75.0,0.0,1.0,227,123,0.0,55,1.907563025,1.64,0.0,55.0,2014
2014-15,Punjab,Gujranwala Divn.     ,Sialkot,52,211,140.0,0.0,1.0,361,248,0.0,39,1.710900474,1.771428571,0.0,39.0,2014
2014-15,Punjab,Lahore Divn.                                        ,Lahore,47,60,40.0,0.0,0.2,164,79,0.0,20,2.733333333,1.975,0.0,100.0,2014
2014-15,Punjab,Lahore Divn.                                        ,Kasur,90,167,84.0,11.0,33.0,514,164,28.0,1680,3.077844311,1.952380952,2.545454545,50.90909091,2014
2014-15,Punjab,Lahore Divn.                                        ,Nankana Sahib,52,126,109.0,1.0,15.0,420,222,1.0,767,3.333333333,2.036697248,1.0,51.13333333,2014
2014-15,Punjab,Lahore Divn.                                        ,Sheikhupura,65,222,200.0,0.0,3.0,712,357,1.0,133,3.207207207,1.785,0.0,44.33333333,2014
2014-15,Punjab,Multan Divn.                                      ,Multan,197,190,17.0,146.0,3.0,576,33,663.0,159,3.031578947,1.941176471,4.54109589,53.0,2014
2014-15,Punjab,Multan Divn.                                      ,Khanewal,121,201,24.0,191.0,7.0,638,50,893.0,447,3.174129353,2.083333333,4.67539267,63.85714286,2014
2014-15,Punjab,Multan Divn.                                      ,Lodhran,116,204,6.0,199.0,2.0,637,13,908.0,92,3.12254902,2.166666667,4.56281407,46.0,2014
2014-15,Punjab,Multan Divn.                                      ,Vehari,161,273,31.0,208.0,16.0,899,64,947.0,948,3.293040293,2.064516129,4.552884615,59.25,2014
2014-15,Punjab,Rawalpindi Divn.                               ,Rawalpindi,31,4,0.0,0.0,0.0,7,0,0.0,0,1.75,0.0,0.0,0.0,2014
2014-15,Punjab,Rawalpindi Divn.                               ,Attock,5,17,0.0,0.0,0.0,35,0,0.0,0,2.058823529,0.0,0.0,0.0,2014
2014-15,Punjab,Rawalpindi Divn.                               ,Chakwal,15,5,0.0,0.2,0.0,9,0,1.0,0,1.8,0.0,5.0,0.0,2014
2014-15,Punjab,Rawalpindi Divn.                               ,Jhelum,5,18,1.0,0.2,0.2,47,2,1.0,15,2.611111111,2.0,5.0,75.0,2014
2014-15,Punjab,Sahiwal Divn.                                   ,Sahiwal,92,152,29.0,81.0,6.0,462,58,350.0,292,3.039473684,2.0,4.320987654,48.66666667,2014
2014-15,Punjab,Sahiwal Divn.                                   ,Okara,173,205,144.0,20.0,14.0,711,362,93.0,673,3.468292683,2.513888889,4.65,48.07142857,2014
2014-15,Punjab,Sahiwal Divn.                                   ,Pakpattan,97,154,54.0,51.0,3.0,519,128,226.0,122,3.37012987,2.37037037,4.431372549,40.66666667,2014
2014-15,Punjab,Sargodha Divn.                                     ,Sargodha,51,221,42.0,8.0,60.0,510,76,15.0,2975,2.307692308,1.80952381,1.875,49.58333333,2014
2014-15,Punjab,Sargodha Divn.                                     ,Bhakkar,47,164,1.0,48.0,22.0,382,2,158.0,1160,2.329268293,2.0,3.291666667,52.72727273,2014
2014-15,Punjab,Sargodha Divn.                                     ,Khushab,10,66,25.0,1.0,8.0,149,44,2.0,380,2.257575758,1.76,2.0,47.5,2014
2014-15,Punjab,Sargodha Divn.                                     ,Mianwali,29,153,7.0,58.0,3.0,295,10,174.0,113,1.928104575,1.428571429,3.0,37.66666667,2014
